{
	"powerups.insta_kill": {
		"sounds": [
			"powerups/insta_kill"
                ]
        },
        "powerups.carpenter": {
		"sounds": [
			"powerups/carpenter"
                ]
        },
        "powerups.double_points": {
		"sounds": [
			"powerups/double_points"
                ]
        },
        "powerups.max_ammo": {
		"sounds": [
			"powerups/max_ammo"
                ]
        },
        "powerups.kaboom": {
		"sounds": [
			"powerups/kaboom"
                ]
        },
        "custom.shotgun": {
		"sounds": [
			"custom/shotgun"
                ]
        },
        "custom.teleport": {
		"sounds": [
			"custom/teleport"
                ]
        },
	"custom.shrekophone": {
		"sounds": [
			"custom/shrekophone"
              	]
	},
       "rounds.aaaa": {
		"sounds": [
			"rounds/aaaa"
              	]
	},
        "rounds.round": {
		"sounds": [
			"rounds/round"
                ]

       },
       "rounds.dun": {
		"sounds": [
			"rounds/dun"
                ]

       },
       "custom_zombies.sprinter": {
		"sounds": [
			"custom_zombies/sprinter"
                ]
        },
      "mbox.mbox_jingle": {
		"sounds": [
			"mbox/mbox_jingle"
              	]
	}
}
