{
    "__comment": "Model generated using MrCrayfish's Model Creator (https://mrcrayfish.com/tools?id=mc)",
    "textures": {
        "oak_log": "minecraft:block/oak_log"
    },
    "display": {
        "gui": {
            "rotation": [ 30, 45, 0 ],
            "translation": [ 0, 0, 0 ],
            "scale": [ 0.625, 0.625, 0.625 ]
        },
        "ground": {
            "rotation": [ 0, 0, 0 ],
            "translation": [ 0, 3, 0 ],
            "scale": [ 0.25, 0.25, 0.25 ]
        },
        "fixed": {
            "rotation": [ 0, 180, 0 ],
            "translation": [ 0, 0, 0 ],
            "scale": [ 1, 1, 1 ]
        },
        "head": {
            "rotation": [ 0, 180, 0 ],
            "translation": [ 0, 0, 0 ],
            "scale": [ 1, 1, 1 ]
        },
        "firstperson_righthand": {
            "rotation": [ 0, 315, 0 ],
            "translation": [ 0, 2.5, 0 ],
            "scale": [ 0.4, 0.4, 0.4 ]
        },
        "thirdperson_righthand": {
            "rotation": [ 75, 315, 0 ],
            "translation": [ 0, 2.5, 0 ],
            "scale": [ 0.375, 0.375, 0.375 ]
        }
    },
    "elements": [
        {
            "name": "Cube",
            "from": [ 1, 4, 7 ], 
            "to": [ 5, 6, 8 ], 
            "faces": {
                "north": { "texture": "#oak_log", "uv": [ 0, 0, 4, 2 ] },
                "east": { "texture": "#oak_log", "uv": [ 0, 0, 1, 2 ] },
                "south": { "texture": "#oak_log", "uv": [ 0, 0, 4, 2 ] },
                "west": { "texture": "#oak_log", "uv": [ 0, 0, 1, 2 ] },
                "up": { "texture": "#oak_log", "uv": [ 0, 0, 4, 1 ] },
                "down": { "texture": "#oak_log", "uv": [ 0, 0, 4, 1 ] }
            }
        },
        {
            "name": "Cube",
            "from": [ 3, 6, 7 ], 
            "to": [ 8, 9, 8 ], 
            "faces": {
                "north": { "texture": "#oak_log", "uv": [ 0, 0, 5, 3 ] },
                "south": { "texture": "#oak_log", "uv": [ 0, 0, 5, 3 ] },
                "west": { "texture": "#oak_log", "uv": [ 0, 0, 1, 3 ] },
                "up": { "texture": "#oak_log", "uv": [ 0, 0, 5, 1 ] },
                "down": { "texture": "#oak_log", "uv": [ 0, 0, 5, 1 ] }
            }
        },
        {
            "name": "Cube",
            "from": [ 8, 6, 7 ], 
            "to": [ 13, 9, 8 ], 
            "faces": {
                "north": { "texture": "#oak_log", "uv": [ 0, 0, 5, 3 ] },
                "east": { "texture": "#oak_log", "uv": [ 0, 0, 1, 3 ] },
                "south": { "texture": "#oak_log", "uv": [ 0, 0, 5, 3 ] },
                "up": { "texture": "#oak_log", "uv": [ 0, 0, 5, 1 ] },
                "down": { "texture": "#oak_log", "uv": [ 0, 0, 5, 1 ] }
            }
        },
        {
            "name": "Cube",
            "from": [ 1, 9, 7 ], 
            "to": [ 6, 11, 8 ], 
            "faces": {
                "north": { "texture": "#oak_log", "uv": [ 0, 0, 5, 2 ] },
                "east": { "texture": "#oak_log", "uv": [ 0, 0, 1, 2 ] },
                "south": { "texture": "#oak_log", "uv": [ 0, 0, 5, 2 ] },
                "west": { "texture": "#oak_log", "uv": [ 0, 0, 1, 2 ] },
                "up": { "texture": "#oak_log", "uv": [ 0, 0, 5, 1 ] },
                "down": { "texture": "#oak_log", "uv": [ 0, 0, 5, 1 ] }
            }
        },
        {
            "name": "Cube",
            "from": [ -1, 11, 7 ], 
            "to": [ 3, 14, 8 ], 
            "faces": {
                "north": { "texture": "#oak_log", "uv": [ 0, 0, 4, 3 ] },
                "east": { "texture": "#oak_log", "uv": [ 0, 0, 1, 3 ] },
                "south": { "texture": "#oak_log", "uv": [ 0, 0, 4, 3 ] },
                "west": { "texture": "#oak_log", "uv": [ 0, 0, 1, 3 ] },
                "up": { "texture": "#oak_log", "uv": [ 0, 0, 4, 1 ] },
                "down": { "texture": "#oak_log", "uv": [ 0, 0, 4, 1 ] }
            }
        },
        {
            "name": "Cube",
            "from": [ 10, 9, 7 ], 
            "to": [ 15, 11, 8 ], 
            "faces": {
                "north": { "texture": "#oak_log", "uv": [ 0, 0, 5, 2 ] },
                "east": { "texture": "#oak_log", "uv": [ 0, 0, 1, 2 ] },
                "south": { "texture": "#oak_log", "uv": [ 0, 0, 5, 2 ] },
                "west": { "texture": "#oak_log", "uv": [ 0, 0, 1, 2 ] },
                "up": { "texture": "#oak_log", "uv": [ 0, 0, 5, 1 ] },
                "down": { "texture": "#oak_log", "uv": [ 0, 0, 5, 1 ] }
            }
        }
    ]
}