{
	"powerups.insta_kill": {
		"sounds": [
			"powerups/insta_kill"
                ]
        },
        "powerups.carpenter": {
		"sounds": [
			"powerups/carpenter"
                ]
        },
        "powerups.double_points": {
		"sounds": [
			"powerups/double_points"
                ]
        },
        "powerups.kaboom": {
		"sounds": [
			"powerups/kaboom"
                ]
        },
        "custom.shotgun": {
		"sounds": [
			"custom/shotgun"
                ]
        },
	"custom.shrekophone": {
		"sounds": [
			"custom/shrekophone"
              	]
	}
}